t,power_w,ftp_w,gradient_pct,fatigue,hr
300.0,225.0,208.1,1.4285714285713234,0.0132,135.0
301.0,217.0,208.1,0.0,0.0132,135.0
302.0,239.0,208.1,0.0,0.0132,135.0
303.0,249.0,208.1,0.0,0.0133,135.0
304.0,230.0,208.1,1.666666666666869,0.0133,135.0
305.0,247.0,208.1,0.0,0.0134,136.0
306.0,264.0,208.1,1.666666666666632,0.0134,136.0
307.0,265.0,208.1,15.0,0.0135,136.0
308.0,198.0,208.1,1.666666666666632,0.0135,136.0
309.0,279.0,208.1,1.9999999999997513,0.0135,136.0
310.0,296.0,208.1,1.666666666666869,0.0136,136.0
311.0,296.0,208.1,1.666666666666632,0.0136,136.0
312.0,315.0,208.1,1.6666666666667456,0.0137,137.0
313.0,300.0,208.1,1.999999999999929,0.0137,137.0
314.0,307.0,208.1,1.999999999999929,0.0138,138.0
315.0,310.0,208.1,0.0,0.0138,138.0
316.0,307.0,208.1,3.333333333333501,0.0139,139.0
317.0,315.0,208.1,1.6666666666667456,0.0139,139.0
318.0,301.0,208.1,1.666666666666632,0.0139,139.0
319.0,309.0,208.1,1.4285714285713234,0.014,140.0
320.0,328.0,208.1,1.6666666666667456,0.014,141.0
321.0,344.0,208.1,7.142857142857476,0.0141,142.0
322.0,352.0,208.1,3.3333333333332544,0.0141,144.0
323.0,356.0,208.1,2.8571428571426467,0.0142,145.0
324.0,351.0,208.1,1.666666666666869,0.0142,146.0
325.0,343.0,208.1,15.0,0.0142,147.0
326.0,353.0,208.1,1.666666666666869,0.0143,148.0
327.0,358.0,208.1,1.4285714285713234,0.0143,149.0
328.0,365.0,208.1,3.333333333333501,0.0144,150.0
329.0,370.0,208.1,1.6666666666665089,0.0144,151.0
330.0,369.0,208.1,1.666666666666869,0.0145,152.0
331.0,396.0,208.1,1.999999999999929,0.0145,154.0
332.0,404.0,208.1,1.6666666666667456,0.0146,153.0
333.0,385.0,208.1,1.666666666666632,0.0146,155.0
334.0,360.0,208.1,1.9999999999997513,0.0146,155.0
335.0,359.0,208.1,3.333333333333501,0.0147,155.0
336.0,362.0,208.1,1.6666666666667456,0.0147,155.0
337.0,344.0,208.1,1.666666666666632,0.0148,156.0
338.0,357.0,208.1,1.6666666666665089,0.0148,157.0
339.0,311.0,208.1,1.666666666666869,0.0149,157.0
340.0,216.0,208.1,1.6666666666665089,0.0149,157.0
341.0,244.0,208.1,2.8571428571430313,0.0149,157.0
342.0,241.0,208.1,15.0,0.015,157.0
343.0,199.0,208.1,1.666666666666869,0.015,157.0
344.0,204.0,208.1,1.6666666666665089,0.0151,157.0
345.0,199.0,208.1,2.85714285714285,0.0151,157.0
346.0,201.0,208.1,1.4285714285714142,0.0152,156.0
347.0,202.0,208.1,1.4285714285715265,0.0152,156.0
348.0,198.0,208.1,1.4285714285713234,0.0153,156.0
349.0,187.0,208.1,-4.285714285714174,0.0153,156.0
350.0,224.0,208.1,1.4285714285714142,0.0153,156.0
351.0,196.0,208.1,1.4285714285715265,0.0154,156.0
352.0,178.0,208.1,1.4285714285713234,0.0154,156.0
353.0,188.0,208.1,1.4285714285714142,0.0155,155.0
354.0,200.0,208.1,0.0,0.0155,155.0
355.0,191.0,208.1,15.0,0.0156,155.0
356.0,207.0,208.1,0.0,0.0156,154.0
357.0,211.0,208.1,1.4285714285714142,0.0156,154.0
358.0,207.0,208.1,0.0,0.0157,154.0
359.0,192.0,208.1,1.4285714285715265,0.0157,153.0
360.0,220.0,208.1,0.0,0.0158,153.0
361.0,236.0,208.1,1.2499999999999278,0.0158,153.0
362.0,244.0,208.1,0.0,0.0159,153.0
363.0,245.0,208.1,1.4285714285713234,0.0159,152.0
364.0,238.0,208.1,0.0,0.016,152.0
365.0,243.0,208.1,0.0,0.016,152.0
366.0,249.0,208.1,1.4285714285716171,0.016,152.0
367.0,246.0,208.1,0.0,0.0161,152.0
368.0,211.0,208.1,15.0,0.0161,152.0
369.0,238.0,208.1,1.4285714285715265,0.0162,152.0
370.0,226.0,208.1,0.0,0.0162,152.0
371.0,248.0,208.1,1.4285714285713234,0.0163,152.0
372.0,261.0,208.1,1.4285714285716171,0.0163,152.0
373.0,291.0,208.1,0.0,0.0164,152.0
374.0,274.0,208.1,1.6666666666665089,0.0164,152.0
375.0,248.0,208.1,0.0,0.0164,152.0
376.0,275.0,208.1,1.6666666666665089,0.0165,152.0
377.0,229.0,208.1,1.666666666666869,0.0165,152.0
378.0,229.0,208.1,0.0,0.0166,152.0
379.0,167.0,208.1,1.6666666666665089,0.0166,152.0
380.0,267.0,208.1,0.0,0.0167,151.0
381.0,256.0,208.1,2.000000000000213,0.0167,151.0
382.0,295.0,208.1,0.0,0.0167,151.0
383.0,284.0,208.1,15.0,0.0168,151.0
384.0,322.0,208.1,1.9999999999997513,0.0168,151.0
385.0,276.0,208.1,1.666666666666869,0.0169,151.0
386.0,278.0,208.1,1.6666666666665089,0.0169,151.0
387.0,294.0,208.1,0.0,0.017,152.0
388.0,281.0,208.1,1.999999999999929,0.017,152.0
389.0,248.0,208.1,2.000000000000213,0.0171,152.0
390.0,294.0,208.1,1.999999999999929,0.0171,152.0
391.0,295.0,208.1,0.0,0.0171,152.0
392.0,258.0,208.1,1.666666666666869,0.0172,152.0
393.0,287.0,208.1,1.999999999999929,0.0172,152.0
394.0,284.0,208.1,1.9999999999997513,0.0173,152.0
395.0,301.0,208.1,0.0,0.0173,152.0
396.0,294.0,208.1,2.000000000000213,0.0174,152.0
397.0,310.0,208.1,1.999999999999929,0.0174,152.0
398.0,314.0,208.1,0.0,0.0174,152.0
399.0,309.0,208.1,2.0000000000000355,0.0175,152.0
400.0,307.0,208.1,1.999999999999929,0.0175,152.0
401.0,281.0,208.1,0.0,0.0176,152.0
402.0,239.0,208.1,15.0,0.0176,152.0
403.0,230.0,208.1,0.0,0.0177,152.0
404.0,287.0,208.1,1.999999999999929,0.0177,152.0
405.0,251.0,208.1,0.0,0.0178,152.0
406.0,236.0,208.1,1.9999999999997513,0.0178,152.0
407.0,252.0,208.1,-15.0,0.0178,152.0
408.0,256.0,208.1,0.0,0.0179,152.0
409.0,250.0,208.1,2.000000000000213,0.0179,152.0
410.0,271.0,208.1,1.9999999999997513,0.018,152.0
411.0,251.0,208.1,1.999999999999929,0.018,152.0
412.0,303.0,208.1,0.0,0.0181,152.0
413.0,243.0,208.1,2.000000000000213,0.0181,152.0
414.0,260.0,208.1,1.6666666666665089,0.0181,152.0
415.0,283.0,208.1,2.000000000000213,0.0182,153.0
416.0,292.0,208.1,1.999999999999929,0.0182,154.0
417.0,274.0,208.1,0.0,0.0183,154.0
418.0,308.0,208.1,1.999999999999929,0.0183,153.0
419.0,266.0,208.1,2.0000000000000355,0.0184,153.0
420.0,256.0,208.1,15.0,0.0184,153.0
421.0,262.0,208.1,2.000000000000213,0.0185,153.0
422.0,254.0,208.1,4.000000000000142,0.0185,153.0
423.0,249.0,208.1,1.9999999999997513,0.0185,153.0
424.0,255.0,208.1,4.000000000000142,0.0186,152.0
425.0,266.0,208.1,1.999999999999929,0.0186,152.0
426.0,302.0,208.1,4.000000000000142,0.0187,152.0
427.0,286.0,208.1,1.9999999999997513,0.0187,152.0
428.0,282.0,208.1,2.000000000000213,0.0188,152.0
429.0,320.0,208.1,4.000000000000142,0.0188,152.0
430.0,279.0,208.1,1.999999999999929,0.0188,152.0
431.0,274.0,208.1,3.999999999999787,0.0189,152.0
432.0,268.0,208.1,1.999999999999929,0.0189,152.0
433.0,297.0,208.1,4.000000000000142,0.019,152.0
434.0,276.0,208.1,1.999999999999929,0.019,153.0
435.0,325.0,208.1,3.999999999999787,0.0191,153.0
436.0,347.0,208.1,2.000000000000213,0.0191,153.0
437.0,339.0,208.1,1.999999999999929,0.0192,153.0
438.0,352.0,208.1,2.4999999999998557,0.0192,153.0
439.0,360.0,208.1,4.000000000000142,0.0192,154.0
440.0,361.0,208.1,15.0,0.0193,154.0
441.0,330.0,208.1,2.0000000000000355,0.0193,154.0
442.0,360.0,208.1,1.999999999999929,0.0194,154.0
443.0,373.0,208.1,4.000000000000142,0.0194,154.0
444.0,307.0,208.1,1.999999999999929,0.0195,155.0
445.0,279.0,208.1,-8.333333333333018,0.0195,155.0
446.0,243.0,208.1,2.000000000000213,0.0196,155.0
447.0,235.0,208.1,1.999999999999929,0.0196,155.0
448.0,244.0,208.1,2.0000000000000355,0.0196,156.0
449.0,245.0,208.1,0.0,0.0197,156.0
450.0,252.0,208.1,1.999999999999929,0.0197,156.0
451.0,262.0,208.1,1.9999999999997513,0.0198,156.0
452.0,293.0,208.1,1.666666666666869,0.0198,156.0
453.0,269.0,208.1,1.999999999999929,0.0199,157.0
454.0,297.0,208.1,0.0,0.0199,157.0
455.0,261.0,208.1,2.000000000000213,0.0199,157.0
456.0,225.0,208.1,1.999999999999929,0.02,157.0
457.0,184.0,208.1,1.999999999999929,0.02,157.0
458.0,183.0,208.1,0.0,0.0201,157.0
459.0,189.0,208.1,2.500000000000211,0.0201,157.0
460.0,198.0,208.1,1.999999999999929,0.0202,157.0
461.0,261.0,208.1,15.0,0.0202,157.0
462.0,220.0,208.1,2.500000000000211,0.0203,156.0
463.0,234.0,208.1,1.999999999999929,0.0203,156.0
464.0,207.0,208.1,2.000000000000213,0.0203,156.0
465.0,207.0,208.1,1.9999999999997513,0.0204,156.0
466.0,211.0,208.1,3.333333333333501,0.0204,156.0
467.0,231.0,208.1,1.999999999999929,0.0205,155.0
468.0,240.0,208.1,2.0000000000000355,0.0205,155.0
469.0,246.0,208.1,1.666666666666632,0.0206,155.0
470.0,220.0,208.1,1.6666666666665089,0.0206,154.0
471.0,203.0,208.1,4.000000000000142,0.0206,154.0
472.0,211.0,208.1,1.666666666666869,0.0207,154.0
473.0,314.0,208.1,3.3333333333330177,0.0207,154.0
474.0,215.0,208.1,3.333333333333501,0.0208,154.0
475.0,200.0,208.1,-15.0,0.0208,154.0
476.0,173.0,208.1,1.666666666666632,0.0209,155.0
477.0,165.0,208.1,1.999999999999929,0.0209,154.0
478.0,133.0,208.1,0.0,0.021,154.0
479.0,111.0,208.1,2.000000000000213,0.021,154.0
480.0,116.0,208.1,15.0,0.021,154.0
481.0,116.0,208.1,0.0,0.0211,154.0
482.0,14.0,208.1,0.0,0.0211,154.0
483.0,357.0,208.1,1.9999999999997513,0.0212,154.0
484.0,308.0,208.1,0.0,0.0212,154.0
485.0,192.0,208.1,0.0,0.0213,154.0
486.0,174.0,208.1,0.0,0.0213,154.0
487.0,194.0,208.1,0.0,0.0213,154.0
488.0,173.0,208.1,1.999999999999929,0.0214,153.0
489.0,235.0,208.1,0.0,0.0214,153.0
490.0,233.0,208.1,0.0,0.0215,152.0
491.0,198.0,208.1,0.0,0.0215,152.0
492.0,201.0,208.1,0.0,0.0216,151.0
493.0,230.0,208.1,2.500000000000211,0.0216,151.0
494.0,211.0,208.1,0.0,0.0217,150.0
495.0,189.0,208.1,0.0,0.0217,150.0
496.0,185.0,208.1,0.0,0.0217,150.0
497.0,169.0,208.1,0.0,0.0218,149.0
498.0,190.0,208.1,0.0,0.0218,149.0
499.0,182.0,208.1,0.0,0.0219,148.0
500.0,208.0,208.1,0.0,0.0219,148.0
501.0,255.0,208.1,2.4999999999998557,0.022,148.0
502.0,267.0,208.1,0.0,0.022,147.0
503.0,294.0,208.1,0.0,0.022,147.0
504.0,360.0,208.1,15.0,0.0221,147.0
505.0,394.0,208.1,2.000000000000213,0.0221,148.0
506.0,397.0,208.1,-15.0,0.0222,148.0
507.0,437.0,208.1,2.500000000000211,0.0222,148.0
508.0,442.0,208.1,2.4999999999998557,0.0223,148.0
509.0,358.0,208.1,1.9999999999997513,0.0223,149.0
510.0,187.0,208.1,2.000000000000213,0.0224,150.0
511.0,188.0,208.1,1.999999999999929,0.0224,150.0
512.0,188.0,208.1,2.000000000000213,0.0224,151.0
513.0,188.0,208.1,2.4999999999998557,0.0225,152.0
514.0,214.0,208.1,2.4999999999998557,0.0225,154.0
515.0,222.0,208.1,0.0,0.0226,154.0
516.0,177.0,208.1,2.500000000000211,0.0226,154.0
517.0,157.0,208.1,1.9999999999997513,0.0227,154.0
518.0,138.0,208.1,2.000000000000213,0.0227,154.0
519.0,126.0,208.1,1.999999999999929,0.0228,153.0
520.0,143.0,208.1,2.4999999999998557,0.0228,152.0
521.0,150.0,208.1,2.000000000000213,0.0228,152.0
522.0,213.0,208.1,2.4999999999998557,0.0229,150.0
523.0,229.0,208.1,2.500000000000211,0.0229,149.0
524.0,224.0,208.1,1.9999999999997513,0.023,149.0
525.0,217.0,208.1,4.000000000000142,0.023,149.0
526.0,198.0,208.1,15.0,0.0231,148.0
527.0,150.0,208.1,1.999999999999929,0.0231,148.0
528.0,142.0,208.1,1.9999999999997513,0.0231,147.0
529.0,10.0,208.1,2.000000000000213,0.0232,147.0
530.0,3.0,208.1,1.666666666666632,0.0232,145.0
531.0,10.0,208.1,2.0000000000000355,0.0233,145.0
532.0,55.0,208.1,1.999999999999929,0.0233,144.0
533.0,152.0,208.1,1.666666666666632,0.0234,144.0
534.0,33.0,208.1,2.0000000000000355,0.0234,145.0
535.0,44.0,208.1,1.666666666666632,0.0235,145.0
536.0,96.0,208.1,1.6666666666667456,0.0235,145.0
537.0,75.0,208.1,1.4285714285714142,0.0235,145.0
538.0,15.0,208.1,1.9999999999997513,0.0236,144.0
539.0,15.0,208.1,1.4285714285716171,0.0236,144.0
540.0,7.0,208.1,1.6666666666665089,0.0237,143.0
541.0,46.0,208.1,1.4285714285716171,0.0237,143.0
542.0,2.0,208.1,1.4285714285713234,0.0238,142.0
543.0,2.0,208.1,15.0,0.0238,142.0
544.0,2.0,208.1,0.0,0.0238,141.0
545.0,0.0,208.1,-1.1111111111110608,0.0239,140.0
546.0,0.0,208.1,0.0,0.0239,140.0
547.0,0.0,208.1,0.0,0.024,138.0
548.0,0.0,208.1,-15.0,0.024,136.0
549.0,0.0,208.1,-4.9999999999998845,0.0241,136.0
550.0,0.0,208.1,-4.615384615384607,0.0241,135.0
551.0,0.0,208.1,-5.217391304347808,0.0242,135.0
552.0,0.0,208.1,-6.666666666666809,0.0242,134.0
553.0,1.0,208.1,-3.500000000000011,0.0242,134.0
554.0,153.0,208.1,-3.3333333333333055,0.0243,134.0
555.0,136.0,208.1,-12.307692307692358,0.0243,134.0
556.0,112.0,208.1,1.6666666666665704,0.0244,135.0
557.0,90.0,208.1,1.8181818181818241,0.0244,135.0
558.0,138.0,208.1,0.9090909090909767,0.0245,134.0
559.0,165.0,208.1,1.8181818181817682,0.0245,134.0
560.0,10.0,208.1,0.9090909090909767,0.0245,133.0
561.0,175.0,208.1,0.9999999999999201,0.0246,132.0
562.0,179.0,208.1,15.0,0.0246,131.0
563.0,214.0,208.1,2.222222222222279,0.0247,131.0
564.0,210.0,208.1,0.0,0.0247,132.0
565.0,195.0,208.1,2.5000000000000333,0.0248,132.0
566.0,159.0,208.1,1.4285714285713234,0.0248,132.0
567.0,116.0,208.1,1.4285714285713234,0.0249,132.0
568.0,212.0,208.1,3.333333333333501,0.0249,133.0
569.0,203.0,208.1,0.0,0.0249,133.0
570.0,324.0,208.1,3.333333333333501,0.025,133.0
571.0,263.0,208.1,1.6666666666665089,0.025,133.0
572.0,265.0,208.1,1.666666666666869,0.0251,134.0
573.0,299.0,208.1,1.6666666666665089,0.0251,134.0
574.0,281.0,208.1,2.000000000000213,0.0252,134.0
575.0,343.0,208.1,1.666666666666632,0.0252,134.0
576.0,329.0,208.1,1.6666666666665089,0.0252,134.0
577.0,298.0,208.1,1.666666666666869,0.0253,135.0
578.0,269.0,208.1,15.0,0.0253,136.0
579.0,252.0,208.1,1.6666666666665089,0.0254,136.0
580.0,269.0,208.1,3.333333333333501,0.0254,137.0
581.0,250.0,208.1,3.333333333333501,0.0255,137.0
582.0,284.0,208.1,3.3333333333332544,0.0255,138.0
583.0,266.0,208.1,3.3333333333330177,0.0256,139.0
584.0,270.0,208.1,5.00000000000074,0.0256,141.0
585.0,252.0,208.1,3.3333333333330177,0.0256,140.0
586.0,235.0,208.1,5.0,0.0257,140.0
587.0,229.0,208.1,4.999999999999763,0.0257,141.0
588.0,222.0,208.1,3.333333333333748,0.0258,142.0
589.0,220.0,208.1,4.999999999999763,0.0258,142.0
590.0,236.0,208.1,3.3333333333332544,0.0259,143.0
591.0,235.0,208.1,6.000000000000071,0.0259,143.0
592.0,226.0,208.1,3.3333333333332544,0.026,143.0
593.0,182.0,208.1,4.999999999999763,0.026,143.0
594.0,191.0,208.1,6.000000000000071,0.026,143.0
595.0,190.0,208.1,15.0,0.0261,143.0
596.0,184.0,208.1,1.999999999999858,0.0261,143.0
597.0,152.0,208.1,3.333333333333748,0.0262,143.0
598.0,163.0,208.1,1.999999999999929,0.0262,143.0
599.0,167.0,208.1,1.9999999999995737,0.0263,143.0
600.0,171.0,208.1,2.000000000000213,0.0263,143.0
601.0,194.0,208.1,1.999999999999929,0.0263,142.0
602.0,157.0,208.1,2.5000000000004885,0.0264,142.0
603.0,148.0,208.1,1.999999999999929,0.0264,142.0
604.0,148.0,208.1,2.499999999999578,0.0265,142.0
605.0,15.0,208.1,2.5000000000004885,0.0265,142.0
606.0,235.0,208.1,3.3333333333330177,0.0266,142.0
607.0,262.0,208.1,3.333333333333491,0.0266,142.0
608.0,262.0,208.1,2.499999999999578,0.0267,142.0
609.0,236.0,208.1,3.3333333333340045,0.0267,142.0
610.0,251.0,208.1,0.0,0.0267,142.0
611.0,256.0,208.1,3.333333333333491,0.0268,143.0
612.0,256.0,208.1,0.0,0.0268,143.0
613.0,273.0,208.1,3.3333333333330177,0.0269,144.0
614.0,292.0,208.1,3.333333333333491,0.0269,144.0
615.0,292.0,208.1,0.0,0.027,145.0
616.0,289.0,208.1,3.3333333333330177,0.027,145.0
617.0,318.0,208.1,15.0,0.027,145.0
618.0,318.0,208.1,2.4999999999999334,0.0271,145.0
619.0,267.0,208.1,0.0,0.0271,145.0
620.0,291.0,208.1,3.3333333333330177,0.0272,145.0
621.0,259.0,208.1,5.0000000000002665,0.0272,146.0
622.0,283.0,208.1,0.0,0.0273,146.0
623.0,283.0,208.1,3.333333333333491,0.0273,147.0
624.0,255.0,208.1,3.3333333333330177,0.0274,147.0
625.0,210.0,208.1,3.333333333334478,0.0274,147.0
626.0,210.0,208.1,15.0,0.0274,147.0
627.0,264.0,208.1,3.3333333333330177,0.0275,147.0
628.0,276.0,208.1,0.0,0.0275,146.0
629.0,276.0,208.1,3.3333333333330177,0.0276,146.0
630.0,240.0,208.1,3.333333333333491,0.0276,146.0
631.0,244.0,208.1,3.3333333333330177,0.0277,146.0
632.0,235.0,208.1,3.333333333333491,0.0277,145.0
633.0,235.0,208.1,3.3333333333340045,0.0277,146.0
634.0,220.0,208.1,0.0,0.0278,146.0
635.0,228.0,208.1,3.3333333333330177,0.0278,146.0
636.0,228.0,208.1,0.0,0.0279,146.0
637.0,266.0,208.1,3.333333333333491,0.0279,146.0
638.0,266.0,208.1,3.3333333333330177,0.028,147.0
639.0,221.0,208.1,3.333333333333491,0.028,147.0
640.0,223.0,208.1,0.0,0.0281,148.0
641.0,249.0,208.1,3.3333333333330177,0.0281,148.0
642.0,249.0,208.1,3.3333333333330177,0.0281,148.0
643.0,33.0,208.1,0.0,0.0282,148.0
644.0,239.0,208.1,3.333333333334478,0.0282,148.0
645.0,239.0,208.1,3.3333333333330177,0.0283,148.0
646.0,232.0,208.1,3.333333333333491,0.0283,148.0
647.0,224.0,208.1,3.3333333333330177,0.0284,148.0
648.0,224.0,208.1,0.0,0.0284,148.0
649.0,185.0,208.1,3.3333333333330177,0.0284,148.0
650.0,179.0,208.1,3.333333333333491,0.0285,148.0
651.0,167.0,208.1,3.3333333333340045,0.0285,148.0
652.0,167.0,208.1,3.333333333333491,0.0286,148.0
653.0,30.0,208.1,0.0,0.0286,148.0
654.0,30.0,208.1,3.3333333333330177,0.0287,148.0
655.0,191.0,208.1,3.3333333333330177,0.0287,148.0
656.0,188.0,208.1,3.333333333333491,0.0288,148.0
657.0,144.0,208.1,3.3333333333330177,0.0288,148.0
658.0,144.0,208.1,3.333333333333491,0.0288,148.0
659.0,179.0,208.1,3.3333333333340045,0.0289,149.0
660.0,209.0,208.1,0.0,0.0289,149.0
661.0,209.0,208.1,4.999999999998046,0.029,149.0
662.0,208.0,208.1,15.0,0.029,149.0
663.0,186.0,208.1,3.3333333333330177,0.0291,149.0
664.0,175.0,208.1,3.3333333333330177,0.0291,148.0
665.0,8.0,208.1,3.333333333333965,0.0292,148.0
666.0,8.0,208.1,3.3333333333330177,0.0292,148.0
667.0,171.0,208.1,3.3333333333330177,0.0292,147.0
668.0,181.0,208.1,15.0,0.0293,147.0
669.0,4.0,208.1,3.3333333333330177,0.0293,148.0
670.0,4.0,208.1,3.3333333333340045,0.0294,148.0
671.0,181.0,208.1,3.3333333333330177,0.0294,149.0
672.0,199.0,208.1,4.999999999998046,0.0295,149.0
673.0,199.0,208.1,3.3333333333349517,0.0295,149.0
674.0,196.0,208.1,3.3333333333330177,0.0295,149.0
675.0,196.0,208.1,4.999999999998046,0.0296,148.0
676.0,213.0,208.1,3.3333333333340045,0.0296,147.0
677.0,241.0,208.1,3.3333333333330177,0.0297,146.0
678.0,241.0,208.1,0.0,0.0297,145.0
679.0,264.0,208.1,3.3333333333349517,0.0298,144.0
680.0,231.0,208.1,3.3333333333330177,0.0298,143.0
681.0,231.0,208.1,4.999999999998046,0.0299,143.0
682.0,266.0,208.1,5.0000000000002665,0.0299,144.0
683.0,317.0,208.1,3.3333333333330177,0.0299,144.0
684.0,263.0,208.1,5.0000000000016875,0.03,144.0
685.0,263.0,208.1,0.0,0.03,144.0
686.0,258.0,208.1,5.0000000000002665,0.0301,144.0
687.0,269.0,208.1,5.0000000000002665,0.0301,144.0
688.0,277.0,208.1,0.0,0.0302,144.0
689.0,277.0,208.1,5.0000000000002665,0.0302,144.0
690.0,260.0,208.1,3.3333333333330177,0.0302,144.0
691.0,255.0,208.1,3.3333333333330177,0.0303,144.0
692.0,255.0,208.1,3.3333333333330177,0.0303,144.0
693.0,302.0,208.1,0.0,0.0304,144.0
694.0,313.0,208.1,4.999999999998046,0.0304,144.0
695.0,264.0,208.1,5.0000000000002665,0.0305,145.0
696.0,264.0,208.1,3.3333333333330177,0.0305,145.0
697.0,272.0,208.1,0.0,0.0306,146.0
698.0,292.0,208.1,5.0000000000016875,0.0306,148.0
699.0,305.0,208.1,5.0000000000002665,0.0306,147.0
700.0,305.0,208.1,0.0,0.0307,148.0
701.0,282.0,208.1,3.3333333333330177,0.0307,149.0
702.0,299.0,208.1,5.0000000000002665,0.0308,150.0
703.0,305.0,208.1,5.0000000000002665,0.0308,151.0
704.0,305.0,208.1,0.0,0.0309,153.0
705.0,302.0,208.1,5.0000000000016875,0.0309,152.0
706.0,305.0,208.1,5.0000000000002665,0.0309,153.0
707.0,282.0,208.1,4.999999999998046,0.031,154.0
708.0,282.0,208.1,0.0,0.031,154.0
709.0,311.0,208.1,5.0000000000002665,0.0311,154.0
710.0,330.0,208.1,15.0,0.0311,155.0
711.0,330.0,208.1,15.0,0.0312,155.0
712.0,281.0,208.1,3.3333333333330177,0.0312,155.0
713.0,301.0,208.1,5.0000000000002665,0.0313,156.0
714.0,301.0,208.1,0.0,0.0313,156.0
715.0,304.0,208.1,5.0000000000016875,0.0313,156.0
716.0,292.0,208.1,4.999999999998046,0.0314,157.0
717.0,302.0,208.1,3.3333333333340045,0.0314,158.0
718.0,286.0,208.1,4.999999999998046,0.0315,158.0
719.0,286.0,208.1,5.0000000000002665,0.0315,158.0
720.0,282.0,208.1,3.333333333333965,0.0316,158.0
721.0,328.0,208.1,5.0000000000002665,0.0316,158.0
722.0,293.0,208.1,5.0000000000002665,0.0317,159.0
723.0,293.0,208.1,4.999999999998046,0.0317,159.0
724.0,280.0,208.1,0.0,0.0317,160.0
725.0,299.0,208.1,3.3333333333330177,0.0318,160.0
726.0,294.0,208.1,5.0000000000016875,0.0318,160.0
727.0,294.0,208.1,5.0000000000002665,0.0319,160.0
728.0,327.0,208.1,0.0,0.0319,160.0
729.0,304.0,208.1,3.3333333333330177,0.032,160.0
730.0,323.0,208.1,4.999999999998046,0.032,160.0
731.0,323.0,208.1,5.0000000000002665,0.032,160.0
732.0,306.0,208.1,0.0,0.0321,161.0
733.0,268.0,208.1,5.0000000000016875,0.0321,161.0
734.0,268.0,208.1,4.999999999998046,0.0322,161.0
735.0,204.0,208.1,0.0,0.0322,161.0
736.0,204.0,208.1,5.0000000000002665,0.0323,161.0
737.0,5.0,208.1,0.0,0.0323,161.0
738.0,234.0,208.1,4.999999999998046,0.0324,161.0
739.0,40.0,208.1,5.0000000000002665,0.0324,161.0
740.0,250.0,208.1,0.0,0.0324,162.0
741.0,150.0,208.1,5.0000000000016875,0.0325,162.0
742.0,150.0,208.1,4.999999999998046,0.0325,162.0
743.0,237.0,208.1,5.0000000000002665,0.0326,162.0
744.0,262.0,208.1,0.0,0.0326,162.0
745.0,262.0,208.1,3.3333333333330177,0.0327,162.0
746.0,87.0,208.1,5.0000000000002665,0.0327,162.0
747.0,205.0,208.1,3.333333333333965,0.0327,161.0
748.0,285.0,208.1,0.0,0.0328,161.0
749.0,154.0,208.1,4.999999999998046,0.0328,160.0
750.0,135.0,208.1,3.3333333333330177,0.0329,160.0
751.0,152.0,208.1,0.0,0.0329,159.0
752.0,179.0,208.1,3.3333333333330177,0.033,158.0
753.0,191.0,208.1,3.3333333333330177,0.033,158.0
754.0,149.0,208.1,-13.333333333332071,0.0331,158.0
755.0,129.0,208.1,3.3333333333330177,0.0331,157.0
756.0,124.0,208.1,3.3333333333330177,0.0331,156.0
757.0,124.0,208.1,3.3333333333330177,0.0332,156.0
758.0,21.0,208.1,3.3333333333330177,0.0332,156.0
759.0,4.0,208.1,0.0,0.0333,154.0
760.0,4.0,208.1,5.0000000000016875,0.0333,153.0
761.0,294.0,208.1,15.0,0.0334,152.0
762.0,294.0,208.1,3.3333333333330177,0.0334,151.0
763.0,240.0,208.1,0.0,0.0334,151.0
764.0,4.0,208.1,3.3333333333330177,0.0335,150.0
765.0,192.0,208.1,5.0000000000016875,0.0335,150.0
766.0,217.0,208.1,3.3333333333330177,0.0336,150.0
767.0,10.0,208.1,3.3333333333330177,0.0336,151.0
768.0,206.0,208.1,0.0,0.0337,151.0
769.0,229.0,208.1,3.3333333333330177,0.0337,151.0
770.0,4.0,208.1,5.0000000000002665,0.0338,152.0
771.0,4.0,208.1,0.0,0.0338,152.0
772.0,180.0,208.1,5.0000000000016875,0.0338,151.0
773.0,101.0,208.1,3.3333333333330177,0.0339,151.0
774.0,186.0,208.1,0.0,0.0339,150.0
775.0,149.0,208.1,3.3333333333340045,0.034,150.0
776.0,96.0,208.1,3.3333333333330177,0.034,149.0
777.0,127.0,208.1,3.3333333333330177,0.0341,148.0
778.0,127.0,208.1,0.0,0.0341,148.0
779.0,153.0,208.1,3.333333333333965,0.0341,147.0
780.0,152.0,208.1,4.999999999998046,0.0342,147.0
781.0,160.0,208.1,3.3333333333340045,0.0342,146.0
782.0,178.0,208.1,0.0,0.0343,146.0
783.0,202.0,208.1,3.3333333333330177,0.0343,145.0
784.0,202.0,208.1,5.0000000000002665,0.0344,144.0
785.0,220.0,208.1,3.333333333333965,0.0344,143.0
786.0,213.0,208.1,5.0000000000002665,0.0345,143.0
787.0,213.0,208.1,0.0,0.0345,142.0
788.0,215.0,208.1,5.0000000000002665,0.0345,141.0
789.0,215.0,208.1,5.0000000000002665,0.0346,141.0
790.0,263.0,208.1,4.999999999998046,0.0346,141.0
791.0,260.0,208.1,-15.0,0.0347,141.0
792.0,227.0,208.1,4.999999999998046,0.0347,142.0
793.0,227.0,208.1,0.0,0.0348,141.0
794.0,227.0,208.1,5.0000000000016875,0.0348,142.0
795.0,265.0,208.1,5.0000000000002665,0.0349,142.0
796.0,276.0,208.1,3.3333333333330177,0.0349,143.0
797.0,272.0,208.1,0.0,0.0349,144.0
798.0,265.0,208.1,3.3333333333330177,0.035,144.0
799.0,265.0,208.1,5.0000000000002665,0.035,144.0
800.0,295.0,208.1,5.0000000000016875,0.0351,145.0
801.0,271.0,208.1,3.3333333333330177,0.0351,145.0
802.0,270.0,208.1,4.999999999998046,0.0352,146.0
803.0,270.0,208.1,5.0000000000002665,0.0352,146.0
804.0,289.0,208.1,0.0,0.0352,146.0
805.0,321.0,208.1,3.3333333333330177,0.0353,147.0
806.0,275.0,208.1,5.0000000000016875,0.0353,147.0
807.0,262.0,208.1,15.0,0.0354,148.0
808.0,262.0,208.1,10.000000000001954,0.0354,148.0
809.0,265.0,208.1,9.999999999996092,0.0355,148.0
810.0,218.0,208.1,3.3333333333340045,0.0355,149.0
811.0,262.0,208.1,9.999999999997513,0.0356,149.0
812.0,234.0,208.1,6.6666666666660355,0.0356,149.0
813.0,143.0,208.1,10.000000000000533,0.0356,150.0
814.0,143.0,208.1,3.333333333333965,0.0357,149.0
815.0,194.0,208.1,10.000000000000533,0.0357,149.0
816.0,227.0,208.1,10.000000000000533,0.0358,148.0
817.0,189.0,208.1,6.666666666666982,0.0358,148.0
818.0,178.0,208.1,5.0000000000002665,0.0359,148.0
819.0,178.0,208.1,6.6666666666660355,0.0359,147.0
820.0,223.0,208.1,5.0000000000016875,0.0359,147.0
821.0,195.0,208.1,9.999999999996092,0.036,147.0
822.0,222.0,208.1,3.3333333333330177,0.036,146.0
823.0,222.0,208.1,5.0000000000002665,0.0361,146.0
824.0,183.0,208.1,10.000000000001954,0.0361,146.0
825.0,243.0,208.1,5.0000000000002665,0.0362,145.0
826.0,222.0,208.1,9.999999999996092,0.0362,145.0
827.0,11.0,208.1,6.666666666668956,0.0363,146.0
828.0,11.0,208.1,9.999999999996092,0.0363,146.0
829.0,186.0,208.1,10.000000000000533,0.0363,146.0
830.0,256.0,208.1,9.999999999997513,0.0364,147.0
831.0,269.0,208.1,5.0000000000002665,0.0364,147.0
832.0,352.0,208.1,6.6666666666660355,0.0365,147.0
833.0,365.0,208.1,6.666666666666982,0.0365,148.0
834.0,247.0,208.1,3.3333333333340045,0.0366,148.0
835.0,179.0,208.1,4.999999999999156,0.0366,148.0
836.0,194.0,208.1,10.000000000001954,0.0366,148.0
837.0,192.0,208.1,6.6666666666660355,0.0367,148.0
838.0,192.0,208.1,3.3333333333330177,0.0367,148.0
839.0,208.0,208.1,10.000000000001954,0.0368,148.0
840.0,227.0,208.1,3.3333333333330177,0.0368,148.0
841.0,182.0,208.1,3.3333333333330177,0.0369,149.0
842.0,182.0,208.1,10.000000000001954,0.0369,149.0
843.0,115.0,208.1,0.0,0.037,149.0
844.0,207.0,208.1,15.0,0.037,148.0
845.0,260.0,208.1,5.0000000000002665,0.037,147.0
846.0,260.0,208.1,15.0,0.0371,147.0
847.0,264.0,208.1,5.0000000000002665,0.0371,147.0
848.0,285.0,208.1,3.3333333333330177,0.0372,147.0
849.0,280.0,208.1,10.000000000001954,0.0372,147.0
850.0,216.0,208.1,2.499999999999578,0.0373,147.0
851.0,201.0,208.1,5.0000000000002665,0.0373,147.0
852.0,244.0,208.1,3.3333333333330177,0.0373,147.0
853.0,236.0,208.1,5.0000000000002665,0.0374,147.0
854.0,205.0,208.1,6.666666666666982,0.0374,147.0
855.0,200.0,208.1,3.3333333333330177,0.0375,147.0
856.0,226.0,208.1,6.6666666666660355,0.0375,147.0
857.0,226.0,208.1,10.000000000001954,0.0376,146.0
858.0,189.0,208.1,3.3333333333330177,0.0376,145.0
859.0,211.0,208.1,3.3333333333330177,0.0377,145.0
860.0,214.0,208.1,5.0000000000002665,0.0377,145.0
861.0,178.0,208.1,6.666666666666982,0.0377,145.0
862.0,164.0,208.1,3.3333333333330177,0.0378,146.0
863.0,217.0,208.1,10.000000000000533,0.0378,146.0
864.0,202.0,208.1,6.666666666666982,0.0379,146.0
865.0,177.0,208.1,3.3333333333330177,0.0379,146.0
866.0,177.0,208.1,5.0000000000002665,0.038,146.0
867.0,189.0,208.1,3.3333333333330177,0.038,146.0
868.0,194.0,208.1,6.666666666666982,0.0381,146.0
869.0,147.0,208.1,6.6666666666660355,0.0381,145.0
870.0,175.0,208.1,5.0000000000002665,0.0381,145.0
871.0,166.0,208.1,3.333333333333965,0.0382,144.0
872.0,161.0,208.1,6.6666666666660355,0.0382,144.0
873.0,183.0,208.1,3.3333333333330177,0.0383,143.0
874.0,170.0,208.1,5.0000000000002665,0.0383,143.0
875.0,167.0,208.1,3.333333333333965,0.0384,141.0
876.0,166.0,208.1,6.6666666666660355,0.0384,141.0
877.0,173.0,208.1,5.0000000000002665,0.0384,140.0
878.0,173.0,208.1,6.666666666666982,0.0385,139.0
879.0,200.0,208.1,6.6666666666660355,0.0385,138.0
880.0,174.0,208.1,10.000000000000533,0.0386,138.0
881.0,136.0,208.1,3.333333333333965,0.0386,137.0
882.0,178.0,208.1,6.6666666666660355,0.0387,137.0
883.0,181.0,208.1,6.6666666666660355,0.0387,137.0
884.0,168.0,208.1,15.0,0.0388,137.0
885.0,175.0,208.1,6.6666666666660355,0.0388,137.0
886.0,195.0,208.1,6.6666666666660355,0.0388,137.0
887.0,175.0,208.1,3.3333333333349517,0.0389,137.0
888.0,201.0,208.1,9.999999999996092,0.0389,137.0
889.0,217.0,208.1,6.6666666666660355,0.039,137.0
890.0,203.0,208.1,6.666666666668956,0.039,137.0
891.0,203.0,208.1,4.999999999998046,0.0391,137.0
892.0,200.0,208.1,-15.0,0.0391,137.0
893.0,185.0,208.1,3.3333333333349517,0.0391,137.0
894.0,150.0,208.1,6.6666666666660355,0.0392,137.0
895.0,162.0,208.1,6.6666666666660355,0.0392,136.0
896.0,177.0,208.1,10.000000000001954,0.0393,135.0
897.0,185.0,208.1,6.6666666666660355,0.0393,135.0
898.0,152.0,208.1,6.666666666666982,0.0394,135.0
899.0,193.0,208.1,5.0000000000002665,0.0394,133.0
900.0,193.0,208.1,6.6666666666660355,0.0395,133.0
